Time_sec,Temperature_degC
0.05,18.58
0.1,18.58
0.15,18.58
0.2,18.58
0.25,18.58
0.3,19.56
0.35,20.05
0.4,20.05
0.45,20.05
0.5,19.56
0.55,19.56
0.6,19.56
0.65,19.56
0.7,19.56
0.75,19.56
0.8,19.56
0.85,19.56
0.9,19.56
0.95,19.56
1,19.07
1.05,19.07
1.1,19.07
1.15,19.07
1.2,19.07
1.25,19.07
1.3,19.07
1.35,19.07
1.4,19.07
1.451,19.07
1.5,19.07
1.55,19.07
1.6,19.07
1.65,19.07
1.7,19.07
1.75,19.07
1.8,19.07
1.85,19.07
1.9,19.07
1.95,19.07
2,19.07
2.05,19.07
2.1,19.07
2.15,19.07
2.2,19.07
2.25,19.07
2.3,19.07
2.35,19.07
2.4,19.07
2.45,19.07
2.5,19.07
2.55,19.07
2.6,18.58
2.65,19.07
2.7,19.07
2.75,19.07
2.8,19.07
2.85,19.07
2.9,19.07
2.95,19.07
3,19.07
3.05,19.07
3.1,19.07
3.15,19.07
3.2,19.07
3.25,19.07
3.3,19.07
3.35,19.07
3.4,19.07
3.45,19.07
3.5,19.07
3.55,19.07
3.6,19.07
3.65,19.07
3.7,19.07
3.75,19.07
3.8,19.07
3.85,18.58
3.9,19.07
3.95,19.07
4,18.58
4.05,18.58
4.1,19.07
4.15,19.07
4.2,19.07
4.25,19.56
4.3,19.07
4.35,19.07
4.4,19.07
4.45,19.07
4.5,19.07
4.55,19.07
4.6,19.07
4.651,19.07
4.7,19.07
4.75,19.07
4.8,19.07
4.85,19.07
4.9,19.07
4.95,19.07
5,19.07
5.05,19.07
5.1,19.07
5.15,19.07
5.2,19.56
5.25,19.07
5.3,19.07
5.35,19.07
5.4,19.07
5.45,19.07
5.5,19.07
5.55,19.07
5.6,19.07
5.65,19.07
5.7,19.07
5.75,19.07
5.8,19.07
5.85,19.07
5.9,19.07
5.95,19.07
6,19.07
6.05,19.07
6.1,19.07
6.15,19.07
6.2,19.07
6.25,19.07
6.3,19.07
6.35,19.07
6.4,19.07
6.45,19.07
6.5,19.07
6.55,19.07
6.6,19.07
6.65,19.07
6.7,19.07
6.75,19.07
6.8,19.07
6.85,19.07
6.9,19.07
6.95,19.07
7,19.07
7.05,19.07
7.1,19.07
7.15,19.07
7.2,19.07
7.25,19.07
7.3,19.07
7.35,19.07
7.4,19.56
7.45,19.07
7.5,19.07
7.55,19.07
7.6,19.07
7.65,19.07
7.7,19.07
7.75,19.07
7.8,19.07
7.851,19.07
7.9,19.07
7.95,19.07
8,19.07
8.05,19.07
8.1,19.07
8.15,19.07
8.2,19.56
8.25,19.07
8.3,19.07
8.35,19.56
8.4,19.07
8.45,19.07
8.5,19.56
8.55,19.07
8.6,19.07
8.65,19.07
8.7,19.07
8.75,19.07
8.8,19.07
8.85,19.07
8.9,19.07
8.95,19.07
9,19.07
9.05,19.07
9.1,19.07
9.15,19.07
9.2,19.07
9.25,19.07
9.3,19.56
9.35,19.07
9.4,19.07
9.45,19.07
9.5,19.07
9.55,19.56
9.6,19.07
9.65,19.07
9.7,19.07
9.75,19.07
9.8,19.07
9.85,19.07
9.9,19.07
9.95,19.07
10,19.07
10.05,19.07
10.1,19.07
10.15,19.07
10.2,19.07
10.25,19.07
10.3,19.07
10.35,19.07
10.4,19.07
10.45,19.07
10.5,19.07
10.55,19.07
10.6,19.07
10.65,19.07
10.7,19.07
10.75,19.07
10.8,19.07
10.85,19.07
10.9,19.07
10.95,19.07
11,19.07
11.051,19.07
11.1,19.07
11.15,19.07
11.2,19.07
11.25,19.07
11.3,19.07
11.35,19.07
11.4,19.07
11.45,19.07
11.5,19.07
11.55,19.07
11.6,19.07
11.65,19.07
11.7,19.07
11.75,19.07
11.8,19.07
11.85,19.07
11.9,19.07
11.95,19.07
12,19.07
12.05,19.07
12.1,19.07
12.15,19.07
12.2,19.07
12.25,19.07
12.3,19.07
12.35,19.07
12.4,19.07
12.45,19.07
12.5,19.07
12.55,19.07
12.6,19.07
12.65,19.07
12.7,19.07
12.75,19.07
12.8,19.07
12.85,19.07
12.9,19.07
12.95,19.07
13,19.07
13.05,19.07
13.1,18.58
13.15,18.58
13.2,18.58
13.25,18.58
13.3,18.58
13.35,18.58
13.4,18.58
13.45,19.07
13.5,18.58
13.55,18.58
13.6,19.07
13.65,18.58
13.7,19.07
13.75,19.07
13.8,19.07
13.85,19.07
13.9,19.07
13.95,19.07
14,19.07
14.05,19.07
14.1,19.07
14.15,19.07
14.2,19.07
14.251,19.07
14.3,19.07
14.35,19.07
14.4,19.07
14.45,19.07
14.5,19.07
14.55,19.07
14.6,19.07
14.65,19.07
14.7,19.07
14.75,19.07
14.8,19.07
14.85,19.07
14.9,19.07
14.95,19.07
15,19.07
15.05,19.07
15.1,19.07
15.15,19.07
15.2,19.07
15.25,19.07
15.3,19.07
15.35,19.07
15.4,19.07
15.45,19.07
15.5,19.07
15.55,19.07
15.6,19.07
15.65,19.07
15.7,19.07
15.75,19.07
15.8,19.07
15.85,19.07
15.9,19.07
15.95,19.07
16,19.07
16.05,19.07
16.1,19.07
16.15,19.07
16.2,19.07
16.25,19.07
16.3,19.07
16.35,19.07
16.4,19.07
16.45,19.07
16.5,19.07
16.55,19.07
16.6,19.07
16.65,19.07
16.7,19.07
16.75,19.07
16.8,19.07
16.85,19.07
16.9,19.07
16.95,19.07
17,19.07
17.05,19.07
17.1,19.07
17.15,19.07
17.2,19.07
17.25,19.07
17.3,19.07
17.35,19.07
17.4,19.07
17.451,19.07
17.5,19.07
17.55,19.07
17.6,19.07
17.65,19.07
17.7,19.07
17.75,19.07
17.8,19.07
17.85,19.07
17.9,19.07
17.95,19.07
18,19.07
18.05,19.07
18.1,19.07
18.15,19.07
18.2,19.07
18.25,19.07
18.3,19.07
18.35,19.07
18.4,19.07
18.45,19.07
18.5,19.07
18.55,19.07
18.6,19.07
18.65,19.07
18.7,19.07
18.75,19.07
18.8,19.07
18.85,19.07
18.9,19.07
18.95,19.07
19,19.07
19.05,19.07
19.1,19.07
19.15,19.07
19.2,19.07
19.25,19.07
19.3,19.07
19.35,19.07
19.4,19.07
19.45,19.07
19.5,19.07
19.55,19.07
19.6,19.07
19.65,19.07
19.7,19.07
19.75,19.07
19.8,19.07
19.85,19.07
19.9,19.07
19.95,19.07
20,19.07
20.05,19.07
20.1,19.07
20.15,19.07
20.2,19.56
20.25,19.07
20.3,19.07
20.35,19.07
20.4,19.07
20.45,19.07
20.5,19.07
20.55,19.07
20.6,19.07
20.651,19.07
20.7,19.07
20.75,19.07
20.8,19.07
20.85,19.07
20.9,19.07
20.95,19.07
21,19.07
21.05,19.07
21.1,19.07
21.15,19.07
21.2,19.07
21.25,19.07
21.3,19.07
21.35,19.07
21.4,19.07
21.45,19.07
21.5,19.07
21.55,19.07
21.6,19.07
21.65,19.07
21.7,19.07
21.75,19.07
21.8,19.07
21.85,19.07
21.9,19.07
21.95,19.07
22,19.07
22.05,19.07
22.1,19.07
22.15,19.07
22.2,19.07
22.25,19.07
22.3,19.07
22.35,19.07
22.4,19.07
22.45,19.07
22.5,19.07
22.55,19.07
22.6,19.07
22.65,19.07
22.7,19.07
22.75,19.56
22.8,19.07
22.85,19.07
22.9,19.56
22.95,19.07
23,19.07
23.05,19.07
23.1,19.07
23.15,19.07
23.2,19.07
23.25,19.07
23.3,19.07
23.35,19.07
23.4,19.07
23.45,19.07
23.5,19.07
23.55,19.07
23.6,19.07
23.65,19.07
23.7,19.07
23.75,19.07
23.8,19.07
23.851,19.07
23.9,19.07
23.95,19.07
24,19.07
24.05,19.07
24.1,19.07
24.15,19.07
24.2,19.07
24.25,19.07
24.3,19.07
24.35,19.07
24.4,19.07
24.45,19.07
24.5,19.07
24.55,19.07
24.6,19.07
24.65,19.07
24.7,19.07
24.75,19.07
24.8,19.07
24.85,19.07
24.9,19.07
24.95,19.07
25,19.07
25.05,19.07
25.1,19.07
25.15,19.07
25.2,19.07
25.25,19.07
25.3,19.07
25.35,19.07
25.4,19.07
25.45,19.07
25.5,19.07
25.55,19.07
25.6,19.07
25.65,19.07
25.7,19.07
25.75,19.07
25.8,19.56
25.85,19.56
25.9,19.07
25.95,19.56
26,19.07
26.05,19.07
26.1,19.07
26.15,19.07
26.2,19.07
26.25,19.07
26.3,19.07
26.35,19.07
26.4,19.56
26.45,19.07
26.5,19.07
26.55,-61.57
26.6,-61.57
26.65,-61.57
26.7,19.56
26.75,19.07
26.8,19.07
26.85,19.07
26.9,19.07
26.95,19.07
27,19.07
27.051,19.07
27.1,19.07
27.15,19.07
27.2,19.07
27.25,19.07
27.3,19.07
27.35,19.07
27.4,19.07
27.45,19.07
27.5,19.07
27.55,19.07
27.6,19.07
27.65,19.07
27.7,19.07
27.75,19.07
27.8,19.07
27.85,19.07
27.9,19.07
27.95,19.07
28,19.07
28.05,19.07
28.1,19.07
28.15,19.07
28.2,19.07
28.25,19.07
28.3,19.07
28.35,19.07
28.4,19.07
28.45,19.07
28.5,19.07
28.55,19.07
28.6,19.07
28.65,19.07
28.7,19.07
28.75,-61.57
28.8,-61.57
28.85,-61.57
28.9,-61.57
28.95,19.56
29,19.07
29.05,19.07
29.1,19.56
29.15,19.07
29.2,19.07
29.25,19.07
29.3,19.07
29.35,19.07
29.4,19.07
29.45,19.07
29.5,19.07
29.55,19.07
29.6,19.07
29.65,19.07
29.7,19.07
29.75,19.07
29.8,19.07
29.85,19.56
29.9,19.07
29.95,19.07
30,19.07
30.05,19.07
30.1,19.07
30.15,19.07
30.2,19.07
30.251,19.07
30.3,19.07
30.35,19.07
30.4,19.07
30.45,19.07
30.5,19.07
30.55,19.07
30.6,19.07
30.65,19.07
30.7,19.07
30.75,19.07
30.8,19.07
30.85,19.07
30.9,19.07
30.95,19.07
31,19.07
31.05,19.07
31.1,19.07
31.15,19.07
31.2,19.07
31.25,19.07
31.3,19.07
31.35,19.07
31.4,19.07
31.45,19.07
31.5,19.07
31.55,19.07
31.6,19.07
31.65,19.07
31.7,19.07
31.75,19.07
31.8,19.07
31.85,19.07
31.9,19.07
31.95,19.07
32,19.07
32.05,19.07
32.1,19.07
32.15,19.07
32.2,19.07
32.25,19.07
32.3,19.07
32.35,19.07
32.4,19.07
32.45,19.07
32.5,19.07
32.55,19.07
32.6,19.07
32.65,19.07
32.7,19.07
32.75,19.07
32.8,19.07
32.85,19.07
32.9,19.07
32.95,19.07
33,19.07
33.05,19.07
33.1,19.07
33.15,19.07
33.2,19.07
33.25,19.07
33.3,19.07
33.35,19.07
33.4,19.07
33.451,19.07
33.5,19.07
33.55,19.07
33.6,19.07
33.65,19.07
33.7,19.07
33.75,18.58
33.8,19.07
33.85,19.07
33.9,19.07
33.95,19.07
34,19.07
34.05,19.07
34.1,19.07
34.15,19.07
34.2,19.07
34.25,19.07
34.3,19.07
34.35,19.07
34.4,19.07
34.45,19.07
34.5,19.07
34.55,19.07
34.6,19.07
34.65,19.07
34.7,19.07
34.75,19.07
34.8,19.07
34.85,19.07
34.9,19.07
34.95,19.07
35,19.07
35.05,19.07
35.1,19.07
35.15,19.07
35.2,19.07
35.25,19.07
35.3,19.07
35.35,19.07
35.4,19.07
35.45,19.07
35.5,19.07
35.55,19.07
35.6,19.07
35.65,19.07
35.7,19.07
35.75,19.07
35.8,19.07
35.85,19.07
35.9,19.07
35.95,19.07
36,19.07
36.05,18.58
36.1,19.07
36.15,19.07
36.2,19.07
36.25,19.07
36.3,19.07
36.35,19.07
36.4,19.07
36.45,19.07
36.5,19.07
36.55,19.07
36.6,19.07
36.651,19.07
36.7,19.07
36.75,19.07
36.8,19.07
36.85,19.07
36.9,19.07
36.95,19.07
37,19.07
37.05,19.07
37.1,19.07
37.15,19.07
37.2,19.07
37.25,19.07
37.3,19.07
37.35,19.07
37.4,19.07
37.45,19.07
37.5,19.07
37.55,19.07
37.6,19.07
37.65,19.07
37.7,19.07
37.75,19.07
37.8,19.07
37.85,19.07
37.9,19.07
37.95,19.56
38,19.56
38.05,19.56
38.1,19.07
38.15,19.56
38.2,19.56
38.25,19.07
38.3,19.56
38.35,19.07
38.4,19.56
38.45,19.07
38.5,19.07
38.55,19.07
38.6,19.07
38.65,19.07
38.7,19.07
38.75,19.07
38.8,19.07
38.85,19.07
38.9,19.07
38.95,19.07
39,19.07
39.05,19.07
39.1,19.07
39.15,19.07
39.2,19.07
39.25,19.07
39.3,19.07
39.35,19.07
39.4,19.07
39.45,19.07
39.5,19.07
39.55,19.07
39.6,18.58
39.65,19.07
39.7,19.07
39.75,19.07
39.8,19.07
39.851,19.07
39.9,19.07
39.95,19.07
40,19.07
40.05,19.07
40.1,18.58
40.15,19.07
40.2,18.58
40.25,19.07
40.3,19.07
40.35,19.07
40.4,19.07
40.45,18.58
40.5,19.07
40.55,19.07
40.6,19.07
40.65,19.07
40.7,19.07
40.75,19.07
40.8,19.07
40.85,19.07
40.9,19.07
40.95,18.58
41,19.07
41.05,19.07
41.1,19.07
41.15,19.07
41.2,19.07
41.25,19.07
41.3,18.58
41.35,19.07
41.4,19.07
41.45,19.07
41.5,19.07
41.55,18.58
41.6,18.58
41.65,19.07
41.7,18.58
41.75,18.58
41.8,18.58
41.85,18.58
41.9,18.58
41.95,18.58
42,18.58
42.05,18.58
42.1,18.58
42.15,18.58
42.2,18.58
42.25,18.58
42.3,18.58
42.35,19.07
42.4,18.58
42.45,19.07
42.5,18.58
42.55,19.07
42.6,18.58
42.65,18.58
42.7,19.07
42.75,19.07
42.8,18.58
42.85,19.07
42.9,19.07
42.95,19.07
43,19.07
43.051,19.07
43.1,19.07
43.15,19.07
43.2,18.58
43.25,19.07
43.3,-61.57
43.35,-61.57
43.4,19.07
43.45,19.07
43.5,19.07
43.55,19.07
43.6,19.07
43.65,19.07
43.7,19.07
43.75,19.07
43.8,19.07
43.85,19.07
43.9,19.07
43.95,19.07
44,19.07
44.05,18.58
44.1,19.07
44.15,19.07
44.2,19.07
44.25,19.07
44.3,19.07
44.35,19.07
44.4,19.07
44.45,19.07
44.5,19.07
44.55,19.07
44.6,19.07
44.65,19.07
44.7,19.07
44.75,19.07
44.8,19.07
44.85,19.07
44.9,19.07
44.95,19.07
45,19.56
45.05,19.07
45.1,19.07
45.15,19.07
45.2,19.07
45.25,19.07
45.3,19.07
45.35,19.07
45.4,18.58
45.45,19.07
45.5,19.07
45.55,18.58
45.6,19.07
45.65,19.07
45.7,18.58
45.75,19.07
45.8,18.58
45.85,19.07
45.9,19.07
45.95,19.07
46,18.58
46.05,18.58
46.1,18.58
46.15,18.58
46.2,19.07
46.251,18.58
46.3,19.07
46.35,18.58
46.4,18.58
46.45,19.07
46.5,18.58
46.55,18.58
46.6,18.58
46.65,18.58
46.7,18.58
46.75,19.07
46.8,19.07
46.85,18.58
46.9,19.07
46.95,18.58
47,18.58
47.05,19.07
47.1,18.58
47.15,18.58
47.2,18.58
47.25,18.58
47.3,18.58
47.35,18.58
47.4,18.58
47.45,18.58
47.5,18.58
47.55,18.58
47.6,18.58
47.65,18.58
47.7,19.07
47.75,18.58
47.8,19.07
47.85,18.58
47.9,18.58
47.95,18.58
48,18.58
48.05,19.07
48.1,18.58
48.15,18.58
48.2,18.58
48.25,18.58
48.3,18.58
48.35,19.07
48.4,18.58
48.45,18.58
48.5,19.07
48.55,19.07
48.6,18.58
48.65,19.07
48.7,19.07
48.75,19.07
48.8,18.58
48.85,19.07
48.9,18.58
48.95,18.58
49,19.07
49.05,19.07
49.1,18.58
49.15,19.07
49.2,19.07
49.25,19.07
49.3,19.07
49.35,18.58
49.4,18.58
49.451,19.07
49.5,18.58
49.55,18.58
49.6,18.58
49.65,18.58
49.7,18.58
49.75,18.58
49.8,18.58
49.85,18.58
49.9,18.58
49.95,19.07
50,19.07
50.05,18.58
50.1,18.58
50.15,18.58
50.2,18.58
50.25,19.07
50.3,19.07
50.35,18.58
50.4,18.58
50.45,18.58
50.5,19.07
50.55,19.07
50.6,19.07
50.65,19.07
50.7,19.07
50.75,18.58
50.8,18.58
50.85,18.58
50.9,19.07
50.95,18.58
51,18.58
51.05,18.58
51.1,18.58
51.15,18.58
51.2,18.58
51.25,18.58
51.3,18.58
51.35,19.07
51.4,18.58
51.45,18.58
51.5,18.58
51.55,18.58
51.6,18.58
51.65,18.58
51.7,18.58
51.75,18.58
51.8,18.58
51.85,18.58
51.9,18.58
51.95,18.58
52,18.58
52.05,18.58
52.1,18.58
52.15,18.58
52.2,18.58
52.25,18.58
52.3,18.58
52.35,18.58
52.4,18.58
52.45,18.58
52.5,18.58
52.55,18.58
52.6,18.58
52.651,18.58
52.7,18.58
52.75,18.58
52.8,18.58
52.85,18.58
52.9,18.58
52.95,18.58
53,18.58
53.05,18.58
53.1,18.58
53.15,18.58
53.2,18.58
53.25,18.58
53.3,18.58
53.35,18.58
53.4,18.58
53.45,18.58
53.5,18.58
53.55,18.58
53.6,18.58
53.65,18.58
53.7,18.58
53.75,18.58
53.8,18.58
53.85,18.58
53.9,18.58
53.95,18.58
54,18.58
54.05,18.58
54.1,18.58
54.15,18.58
54.2,18.58
54.25,18.58
54.3,18.58
54.35,18.58
54.4,18.58
54.45,18.58
54.5,18.58
54.55,19.07
54.6,18.58
54.65,18.58
54.7,18.58
54.75,18.58
54.8,18.58
54.85,18.58
54.9,18.58
54.95,18.58
55,18.58
55.05,18.58
55.1,18.58
55.15,18.58
55.2,18.58
55.25,18.58
55.3,18.58
55.35,18.58
55.4,18.58
55.45,18.58
55.5,18.58
55.55,18.58
55.6,18.58
55.65,19.07
55.7,18.58
55.75,18.58
55.8,18.58
55.851,18.58
55.9,18.58
55.95,18.58
56,18.58
56.05,18.58
56.1,18.58
56.15,18.58
56.2,18.58
56.25,18.58
56.3,18.58
56.35,18.58
56.4,18.58
56.45,18.58
56.5,18.58
56.55,18.58
56.6,18.58
56.65,18.58
56.7,18.58
56.75,18.58
56.8,18.58
56.85,18.58
56.9,18.58
56.95,18.58
57,18.58
57.05,18.58
57.1,18.58
57.15,18.58
57.2,18.58
57.25,18.58
57.3,18.58
57.35,18.58
57.4,18.58
57.45,18.58
57.5,18.58
57.55,18.58
57.6,18.58
57.65,18.58
57.7,18.58
57.75,18.58
57.8,18.58
57.85,18.58
57.9,18.58
57.95,19.07
58,19.07
58.05,18.58
58.1,18.58
58.15,18.58
58.2,18.58
58.25,18.58
58.3,18.58
58.35,18.58
58.4,18.58
58.45,18.58
58.5,19.07
58.55,18.58
58.6,18.58
58.65,19.07
58.7,18.58
58.75,18.58
58.8,18.58
58.85,18.58
58.9,18.58
58.95,18.58
59,18.58
59.051,18.58
59.1,18.58
59.15,18.58
59.2,18.58
59.25,18.58
59.3,18.58
59.35,18.58
59.4,18.58
59.45,18.58
59.5,18.58
59.55,18.58
59.6,18.58
59.65,18.58
59.7,18.58
59.75,18.58
59.8,18.58
59.85,18.58
59.9,18.58
59.95,18.58
60,18.58
60.05,18.58
60.1,18.58
60.15,18.58
60.2,18.58
60.25,18.58
60.3,18.58
60.35,18.58
60.4,18.58
60.45,18.58
60.5,18.58
60.55,18.58
60.6,18.58
60.65,18.58
60.7,18.58
60.75,18.58
60.8,18.58
60.85,18.58
60.9,18.58
60.95,18.58
61,18.58
61.05,18.58
61.1,18.58
61.15,18.58
61.2,18.58
61.25,18.58
61.3,18.58
61.35,18.58
61.4,18.58
61.45,18.58
61.5,19.07
61.55,18.58
61.6,18.58
61.65,18.58
61.7,18.58
61.75,18.58
61.8,18.58
61.85,18.58
61.9,18.58
61.95,18.58
62,18.58
62.05,18.58
62.1,18.58
62.15,19.07
62.2,18.58
62.251,18.58
62.3,18.58
62.35,18.58
62.4,18.58
62.45,18.58
62.5,18.58
62.55,18.58
62.6,18.58
62.65,18.58
62.7,18.58
62.75,18.58
62.8,18.58
62.85,18.58
62.9,18.58
62.95,18.58
63,18.58
63.05,18.58
63.1,18.58
63.15,18.58
63.2,18.58
63.25,18.58
63.3,18.58
63.35,18.58
63.4,18.58
63.45,18.58
63.5,18.58
63.55,18.58
63.6,18.58
63.65,19.07
63.7,18.58
63.75,18.58
63.8,18.58
63.85,18.58
63.9,18.58
63.95,18.58
64,18.58
64.05,19.07
64.1,18.58
64.15,18.58
64.2,18.58
64.25,18.58
64.3,18.58
64.35,18.58
64.4,18.58
64.45,18.58
64.5,18.58
64.55,18.58
64.6,18.58
64.65,19.07
64.7,18.58
64.75,18.58
64.8,18.58
64.85,18.58
64.9,18.58
64.95,19.07
65,19.07
65.05,-61.57
65.1,-61.57
65.15,-61.57
65.2,21.52
65.25,21.52
65.3,21.03
65.35,21.03
65.4,21.03
65.451,21.03
65.5,21.03
65.55,21.03
65.6,21.03
65.65,21.03
65.7,21.03
65.75,21.03
65.8,21.03
65.85,21.03
65.9,21.03
65.95,21.03
66,21.03
66.05,21.03
66.1,21.03
66.15,21.03
66.2,21.03
66.25,21.03
66.3,21.03
66.35,21.03
66.4,21.03
66.45,21.03
66.5,21.03
66.55,21.03
66.6,21.03
66.65,21.03
66.7,21.03
66.75,21.03
66.8,21.03
66.85,21.03
66.9,21.03
66.95,21.03
67,21.03
67.05,21.03
67.1,21.03
67.15,21.03
67.2,21.03
67.25,21.03
67.3,21.03
67.35,21.03
67.4,21.03
67.45,21.03
67.5,21.03
67.55,21.03
67.6,21.03
67.65,21.03
67.7,21.03
67.75,21.03
67.8,21.03
67.85,21.03
67.9,21.03
67.95,21.03
68,21.03
68.05,21.03
68.1,21.03
68.15,21.03
68.2,21.03
68.25,21.03
68.3,21.03
68.35,21.03
68.4,21.03
68.45,21.03
68.5,21.03
68.55,21.03
68.6,21.03
68.651,21.03
68.7,21.03
68.75,21.03
68.8,21.03
68.85,21.03
68.9,21.03
68.95,21.03
69,21.03
69.05,21.03
69.1,21.03
69.15,21.03
69.2,21.03
69.25,21.03
69.3,21.03
69.35,21.03
69.4,21.03
69.45,21.03
69.5,21.03
69.55,21.03
69.6,21.03
69.65,21.03
69.7,21.03
69.75,21.03
69.8,21.03
69.85,21.03
69.9,21.03
69.95,21.03
70,21.03
70.05,21.03
70.1,21.03
70.15,21.03
70.2,21.03
70.25,21.03
70.3,20.54
70.35,21.03
70.4,21.03
70.45,21.03
70.5,21.03
70.55,21.03
70.6,21.03
70.65,21.03
70.7,21.03
70.75,21.03
70.8,21.03
70.85,21.03
70.9,21.03
70.95,21.03
71,21.03
71.05,21.03
71.1,21.03
71.15,21.03
71.2,21.03
71.25,21.03
71.3,21.03
71.35,21.03
71.4,21.03
71.45,21.03
71.5,21.03
71.55,21.52
71.6,21.03
71.65,21.03
71.7,21.03
71.75,21.03
71.8,21.03
71.851,21.03
71.9,21.03
71.95,21.03
72,21.03
72.05,21.03
72.1,21.03
72.15,21.03
72.2,21.03
72.25,21.03
72.3,21.03
72.35,21.03
72.4,21.03
72.45,21.03
72.5,21.03
72.55,21.03
72.6,21.03
72.65,20.54
72.7,21.03
72.75,21.03
72.8,21.03
72.85,21.03
72.9,21.03
72.95,21.03
73,21.03
73.05,20.54
73.1,21.03
73.15,21.03
73.2,21.03
73.25,20.54
73.3,21.03
73.35,21.03
73.4,21.03
73.45,21.03
73.5,21.03
73.55,20.54
73.6,21.03
73.65,21.03
73.7,20.54
73.75,21.03
73.8,21.03
73.85,21.03
73.9,21.03
73.95,21.03
74,21.03
74.05,21.03
74.1,21.03
74.15,21.03
74.2,21.03
74.25,21.03
74.3,21.03
74.35,21.03
74.4,21.03
74.45,21.03
74.5,21.03
74.55,21.03
74.6,21.03
74.65,21.03
74.7,21.03
74.75,21.03
74.8,21.03
74.85,20.54
74.9,21.03
74.95,21.03
75,21.03
75.051,21.03
75.1,21.03
75.15,21.03
75.2,21.03
75.25,21.03
75.3,21.03
75.35,21.03
75.4,21.03
75.45,20.54
75.5,21.03
75.55,21.03
75.6,21.03
75.65,21.03
75.7,21.03
75.75,21.03
75.8,21.03
75.85,21.03
75.9,21.03
75.95,21.03
76,21.03
76.05,21.03
76.1,21.03
76.15,21.03
76.2,21.03
76.25,21.03
76.3,21.03
76.35,21.03
76.4,21.03
76.45,21.03
76.5,21.03
76.55,21.03
76.6,21.03
76.65,21.03
76.7,21.03
76.75,21.03
76.8,21.03
76.85,21.03
76.9,21.03
76.95,21.03
77,21.03
77.05,21.03
77.1,21.03
77.15,21.03
77.2,21.03
77.25,21.03
77.3,21.03
77.35,21.03
77.4,21.03
77.45,21.03
77.5,21.03
77.55,21.03
77.6,21.03
77.65,21.03
77.7,21.03
77.75,21.03
77.8,21.03
77.85,21.03
77.9,21.03
77.95,21.03
78,21.03
78.05,21.03
78.1,21.03
78.15,21.03
78.2,21.03
78.251,21.03
78.3,21.03
78.35,21.03
78.4,21.03
78.45,21.03
78.5,21.03
78.55,21.03
78.6,21.03
78.65,21.03
78.7,21.03
78.75,21.03
78.8,21.03
78.85,21.03
78.9,21.03
78.95,21.03
79,21.03
79.05,21.03
79.1,21.03
79.15,21.03
79.2,21.03
79.25,21.03
79.3,21.03
79.35,21.03
79.4,21.03
79.45,21.03
79.5,21.03
79.55,21.03
79.6,21.03
79.65,21.03
79.7,21.03
79.75,21.03
79.8,21.03
79.85,21.03
79.9,21.03
79.95,21.03
80,21.03
80.05,21.03
80.1,21.03
80.15,21.03
80.2,21.03
80.25,21.03
80.3,21.03
80.35,21.03
80.4,21.03
80.45,21.03
80.5,21.03
80.55,21.03
80.6,21.03
80.65,21.03
80.7,21.03
80.75,21.03
80.8,21.52
80.85,21.03
80.9,21.03
80.95,21.03
81,21.03
81.05,21.03
81.1,21.03
81.15,21.03
81.2,21.03
81.25,21.03
81.3,21.03
81.35,21.03
81.4,21.03
81.451,21.03
81.5,21.03
81.55,21.03
81.6,21.03
81.65,21.03
81.7,21.03
81.75,20.54
81.8,21.03
81.85,21.03
81.9,20.54
81.95,21.03
82,21.03
82.05,21.03
82.1,21.03
82.15,21.03
82.2,21.03
82.25,21.03
82.3,21.03
82.35,21.03
82.4,21.03
82.45,21.03
82.5,21.03
82.55,21.03
82.6,21.03
82.65,21.03
82.7,21.03
82.75,21.03
82.8,21.52
82.85,21.03
82.9,21.03
82.95,21.03
83,21.03
83.05,21.03
83.1,21.03
83.15,21.03
83.2,21.03
83.25,21.03
83.3,21.03
83.35,21.03
83.4,21.03
83.45,21.03
83.5,21.03
83.55,21.03
83.6,21.03
83.65,21.03
83.7,21.03
83.75,21.03
83.8,21.03
83.85,21.03
83.9,21.03
83.95,21.03
84,21.03
84.05,21.03
84.1,21.03
84.15,20.54
84.2,21.03
84.25,21.03
84.3,20.54
84.35,21.03
84.4,21.03
84.45,21.03
84.5,21.03
84.55,21.03
84.6,21.03
84.651,21.03
84.7,21.03
84.75,20.54
84.8,21.52
84.85,21.03
84.9,21.03
84.95,21.03
85,20.54
85.05,21.03
85.1,21.03
85.15,21.03
85.2,21.03
85.25,21.03
85.3,21.03
85.35,21.03
85.4,21.03
85.45,21.03
85.5,21.03
85.55,21.03
85.6,21.03
85.65,21.03
85.7,21.03
85.75,21.03
85.8,21.03
85.85,21.03
85.9,21.03
85.95,21.03
86,21.03
86.05,21.03
86.1,-61.57
86.15,-61.57
86.2,-61.57
86.25,21.03
86.3,20.54
86.35,21.03
86.4,21.03
86.45,21.03
86.5,21.03
86.55,21.03
86.6,20.54
86.65,21.03
86.7,21.03
86.75,20.54
86.8,20.54
86.85,21.03
86.9,21.03
86.95,20.54
87,20.54
87.05,20.54
87.1,21.03
87.15,20.54
87.2,20.54
87.25,21.03
87.3,20.54
87.35,20.54
87.4,21.03
87.45,20.54
87.5,20.54
87.55,20.54
87.6,20.54
87.65,20.54
87.7,20.54
87.75,21.03
87.8,21.03
87.851,20.54
87.9,20.54
87.95,20.54
88,20.54
88.05,20.54
88.1,20.54
88.15,21.03
88.2,22.01
88.25,20.54
88.3,21.03
88.35,21.03
88.4,20.54
88.45,20.54
88.5,21.03
88.55,20.54
88.6,21.03
88.65,20.54
88.7,20.54
88.75,20.54
88.8,21.03
88.85,20.54
88.9,20.54
88.95,20.54
89,20.54
89.05,20.54
89.1,20.54
89.15,20.54
89.2,20.54
89.25,20.54
89.3,20.54
89.35,20.54
89.4,20.54
89.45,21.03
89.5,20.54
89.55,20.54
89.6,21.03
89.65,20.54
89.7,20.54
89.75,21.03
89.8,20.54
89.85,20.54
89.9,20.54
89.95,20.54
90,20.54
90.05,21.03
90.1,20.54
90.15,20.54
90.2,20.54
90.25,20.54
90.3,20.54
90.35,21.03
90.4,20.54
90.45,20.54
90.5,21.03
90.55,20.54
90.6,20.54
90.65,21.03
90.7,20.54
90.75,20.54
90.8,21.03
90.85,20.54
90.9,20.54
90.95,20.54
91,20.54
91.051,20.54
91.1,20.54
91.15,20.54
91.2,20.54
91.25,20.54
91.3,20.54
91.35,20.54
91.4,20.54
91.45,20.54
91.5,20.54
91.55,20.54
91.6,20.54
91.65,20.54
91.7,20.54
91.75,20.54
91.8,20.54
91.85,20.54
91.9,20.54
91.95,21.03
92,20.54
92.05,21.03
92.1,21.03
92.15,20.54
92.2,21.03
92.25,20.54
92.3,20.54
92.35,21.03
92.4,20.54
92.45,20.54
92.5,21.03
92.55,20.54
92.6,20.54
92.65,21.03
92.7,20.54
92.75,20.54
92.8,21.03
92.85,20.54
92.9,20.54
92.95,21.03
93,20.54
93.05,20.54
93.1,20.54
93.15,20.54
93.2,21.03
93.25,21.03
93.3,20.54
93.35,20.54
93.4,20.54
93.45,20.54
93.5,20.54
93.55,20.54
93.6,20.54
93.65,20.54
93.7,20.54
93.75,20.54
93.8,21.03
93.85,20.54
93.9,20.54
93.95,20.54
94,20.54
94.05,20.54
94.1,20.54
94.15,20.54
94.2,21.03
94.251,21.03
94.3,21.03
94.35,21.03
94.4,21.03
94.45,21.03
94.5,20.54
94.55,21.03
94.6,21.03
94.65,21.03
94.7,21.03
94.75,21.03
94.8,21.03
94.85,21.03
94.9,21.03
94.95,21.03
95,21.03
95.05,21.03
95.1,21.03
95.15,21.03
95.2,21.03
95.25,20.54
95.3,20.54
95.35,20.54
95.4,21.03
95.45,20.54
95.5,21.03
95.55,20.54
95.6,20.54
95.65,20.54
95.7,20.54
95.75,20.54
95.8,20.54
95.85,20.54
95.9,20.54
95.95,20.54
96,20.54
96.05,21.03
96.1,20.54
96.15,20.54
96.2,21.03
96.25,20.54
96.3,20.54
96.35,21.03
96.4,21.03
96.45,20.54
96.5,21.03
96.55,20.54
96.6,20.54
96.65,21.03
96.7,20.54
96.75,20.54
96.8,21.03
96.85,20.54
96.9,20.54
96.95,20.54
97,20.54
97.05,20.54
97.1,20.54
97.15,20.54
97.2,20.54
97.25,20.54
97.3,20.54
97.35,20.54
97.4,20.54
97.451,20.54
97.5,20.54
97.55,20.54
97.6,20.54
97.65,20.54
97.7,20.54
97.75,20.54
97.8,20.54
97.85,20.54
97.9,20.54
97.95,20.54
98,20.54
98.05,20.54
98.1,20.54
98.15,20.54
98.2,21.03
98.25,20.54
98.3,20.54
98.35,21.03
98.4,20.54
98.45,20.54
98.5,21.03
98.55,20.54
98.6,20.54
98.65,21.03
98.7,20.54
98.75,20.54
98.8,20.54
98.85,20.54
98.9,20.54
98.95,20.54
99,20.54
99.05,20.54
99.1,20.54
99.15,20.54
99.2,20.54
99.25,20.54
99.3,20.54
99.35,20.54
99.4,20.54
99.45,20.54
99.5,20.54
99.55,20.54
99.6,20.54
99.65,20.54
99.7,20.54
99.75,20.54
99.8,20.54
99.85,20.54
99.9,21.03
99.95,21.03
100,21.03
100.05,21.52
100.1,21.03
100.15,20.54
100.2,20.54
100.25,20.54
100.3,20.54
100.35,21.52
100.4,20.54
100.45,20.54
100.5,21.03
100.55,21.03
100.6,20.54
100.651,21.03
100.7,20.54
100.75,20.54
100.8,20.54
100.85,21.03
100.9,20.54
100.95,20.54
101,20.54
101.05,20.54
101.1,20.54
101.15,20.54
101.2,20.54
101.25,20.54
101.3,20.54
101.35,20.54
101.4,20.54
101.45,20.54
101.5,20.54
101.55,21.03
101.6,20.54
101.65,20.54
101.7,20.54
101.75,21.03
101.8,20.54
101.85,20.54
101.9,21.03
101.95,20.54
102,20.54
102.05,21.52
102.1,20.54
102.15,20.54
102.2,21.03
102.25,20.54
102.3,20.54
102.35,21.03
102.4,20.54
102.45,21.03
102.5,21.03
102.55,20.54
102.6,21.03
102.65,20.54
102.7,20.54
102.75,20.54
102.8,20.54
102.85,20.54
102.9,20.54
102.95,20.54
103,20.54
103.05,20.54
103.1,20.54
103.15,21.03
103.2,21.03
103.25,20.54
103.3,20.54
103.35,20.54
103.4,20.54
103.45,21.03
103.5,20.54
103.55,20.54
103.6,20.54
103.65,20.54
103.7,20.54
103.75,21.52
103.8,20.54
103.851,20.54
103.9,21.03
103.95,20.54
104,21.03
104.05,20.54
104.1,21.03
104.15,20.54
104.2,21.03
104.25,21.03
104.3,20.54
104.35,20.54
104.4,20.54
104.45,21.03
104.5,20.54
104.55,21.03
104.6,20.54
104.65,20.54
104.7,20.54
104.75,21.03
104.8,20.54
104.85,20.54
104.9,20.54
104.95,20.54
105,20.54
105.05,20.54
105.1,20.54
105.15,21.03
105.2,20.54
105.25,20.54
105.3,21.03
105.35,20.54
105.4,20.54
105.45,21.03
105.5,20.54
105.55,20.54
105.6,20.54
105.65,20.54
105.7,20.54
105.75,21.03
105.8,21.03
105.85,20.54
105.9,20.54
105.95,20.54
106,20.54
106.05,21.03
106.1,21.03
106.15,20.54
106.2,20.54
106.25,21.03
106.3,20.54
106.35,20.54
106.4,21.03
106.45,20.54
106.5,20.54
106.55,21.03
106.6,20.54
106.65,20.54
106.7,21.03
106.75,20.54
106.8,20.54
106.85,20.54
106.9,20.54
106.95,20.54
107,21.03
107.051,20.54
107.1,20.54
107.15,21.03
107.2,20.54
107.25,20.54
107.3,21.03
107.35,20.54
107.4,20.54
107.45,21.52
107.5,20.54
107.55,21.03
107.6,21.52
107.65,20.54
107.7,21.03
107.75,21.52
107.8,20.54
107.85,20.54
107.9,21.03
107.95,20.54
108,21.03
108.05,20.54
108.1,21.03
108.15,20.54
108.2,21.03
108.25,20.54
108.3,20.54
108.35,20.54
108.4,20.54
108.45,20.54
108.5,20.54
108.55,21.03
108.6,20.54
108.65,20.54
108.7,21.03
108.75,20.54
108.8,20.54
108.85,21.03
108.9,20.54
108.95,20.54
109,21.03
109.05,21.03
109.1,21.03
109.15,21.03
109.2,20.54
109.25,21.03
109.3,21.52
109.35,20.54
109.4,21.03
109.45,21.52
109.5,20.54
109.55,21.03
109.6,21.52
109.65,20.54
109.7,21.03
109.75,21.52
109.8,21.03
109.85,21.03
109.9,21.52
109.95,21.03
110,21.03
110.05,21.52
110.1,21.03
110.15,21.03
110.2,21.03
110.251,21.03
110.3,21.03
110.35,21.03
110.4,21.03
110.45,21.03
110.5,21.03
110.55,21.52
110.6,21.03
110.65,21.03
110.7,21.03
110.75,21.03
110.8,21.03
110.85,21.03
110.9,21.03
110.95,20.54
111,20.54
111.05,20.54
111.1,20.54
111.15,21.03
111.2,20.54
111.25,20.54
111.3,20.54
111.35,20.54
111.4,20.54
111.45,20.54
111.5,20.54
111.55,20.54
111.6,21.03
111.65,20.54
111.7,20.54
111.75,21.52
111.8,20.54
111.85,21.03
111.9,21.03
111.95,20.54
112,21.03
112.05,21.52
112.1,21.03
112.15,21.03
112.2,21.03
112.25,21.03
112.3,21.03
112.35,21.52
112.4,21.03
112.45,21.03
112.5,21.03
112.55,21.03
112.6,21.03
112.65,21.03
112.7,21.52
112.75,21.03
112.8,21.03
112.85,21.03
112.9,21.52
112.95,21.03
113,21.03
113.05,21.03
113.1,21.03
113.15,21.03
113.2,21.03
113.25,21.03
113.3,21.03
113.35,20.54
113.4,20.54
113.451,21.03
113.5,20.54
113.55,20.54
113.6,21.03
113.65,20.54
113.7,20.54
113.75,20.54
113.8,20.54
113.85,20.54
113.9,21.03
113.95,20.54
114,20.54
114.05,20.54
114.1,20.54
114.15,20.54
114.2,21.03
114.25,20.54
114.3,20.54
114.35,21.03
114.4,20.54
114.45,20.54
114.5,20.54
114.55,21.03
114.6,20.54
114.65,20.54
114.7,20.54
114.75,20.54
114.8,20.54
114.85,20.54
114.9,20.54
114.95,20.54
115,20.54
115.05,20.54
115.1,20.54
115.15,20.54
115.2,20.54
115.25,20.54
115.3,21.03
115.35,20.54
115.4,20.54
115.45,21.03
115.5,20.54
115.55,20.54
115.6,21.03
115.65,20.54
115.7,20.54
115.75,21.03
115.8,20.54
115.85,20.54
115.9,20.54
115.95,20.54
116,20.54
116.05,21.52
116.1,20.54
116.15,20.54
116.2,21.03
116.25,21.03
116.3,20.54
116.35,21.03
116.4,20.54
116.45,20.54
116.5,21.03
116.55,21.03
116.6,20.54
116.651,20.54
116.7,21.03
116.75,20.54
116.8,20.54
116.85,21.03
116.9,20.54
116.95,21.03
117,21.03
117.05,20.54
117.1,20.54
117.15,20.54
117.2,20.54
117.25,20.54
117.3,20.54
117.35,20.54
117.4,20.54
117.45,21.03
117.5,20.54
117.55,20.54
117.6,21.03
117.65,20.54
117.7,20.54
117.75,21.03
117.8,20.54
117.85,21.03
117.9,21.03
117.95,20.54
118,20.54
118.05,21.03
118.1,20.54
118.15,21.03
118.2,21.03
118.25,21.03
118.3,21.03
118.35,21.03
118.4,21.03
118.45,21.03
118.5,21.03
118.55,21.03
118.6,21.03
118.65,20.54
118.7,21.03
118.75,20.54
118.8,20.54
118.85,20.54
118.9,20.54
118.95,20.54
119,21.03
119.05,20.54
119.1,20.54
119.15,20.54
119.2,20.54
119.25,20.54
119.3,21.03
119.35,20.54
119.4,20.54
119.45,21.03
119.5,20.54
119.55,20.54
119.6,21.03
119.65,20.54
119.7,20.54
119.75,21.03
119.8,20.54
119.851,20.54
119.9,20.54
119.95,20.54
120,20.54
120.05,21.03
120.1,21.03
120.15,20.54
120.2,21.03
120.25,21.03
120.3,20.54
120.35,20.54
120.4,20.54
120.45,21.03
120.5,20.54
120.55,20.54
120.6,20.54
120.65,20.54
120.7,20.54
120.75,20.54
120.8,20.54
120.85,20.54
120.9,20.54
120.95,20.54
121,21.03
121.05,20.54
121.1,20.54
121.15,21.03
121.2,20.54
121.25,20.54
121.3,21.52
121.35,20.54
121.4,20.54
121.45,21.03
121.5,20.54
121.55,20.54
121.6,21.52
121.65,20.54
121.7,20.54
121.75,21.03
121.8,21.03
121.85,20.54
121.9,21.03
121.95,21.03
122,20.54
122.05,21.03
122.1,21.03
122.15,21.52
122.2,21.52
122.25,21.52
122.3,21.52
122.35,21.52
122.4,21.52
122.45,21.52
122.5,21.03
122.55,21.03
122.6,21.03
122.65,21.03
122.7,21.03
122.75,21.03
122.8,21.03
122.85,21.03
122.9,21.03
122.95,21.03
123,21.03
123.051,21.03
123.1,20.54
123.15,21.03
123.2,20.54
123.25,20.54
123.3,21.52
123.35,20.54
123.4,20.54
123.45,21.03
123.5,20.54
123.55,20.54
123.6,21.52
123.65,20.54
123.7,20.54
123.75,20.54
123.8,20.54
123.85,20.54
123.9,21.03
123.95,20.54
124,20.54
124.05,21.03
124.1,20.54
124.15,20.54
124.2,21.03
124.25,20.54
124.3,20.54
124.35,20.54
124.4,21.03
124.45,21.03
124.5,20.54
124.55,20.54
124.6,20.54
124.65,20.54
124.7,20.54
124.75,20.54
124.8,20.54
124.85,21.03
124.9,20.54
124.95,20.54
125,20.54
125.05,20.54
125.1,20.54
125.15,20.54
125.2,20.54
125.25,20.54
125.3,21.03
125.35,20.54
125.4,20.54
125.45,21.03
125.5,20.54
125.55,20.54
125.6,21.03
125.65,20.54
125.7,20.54
125.75,21.03
125.8,20.54
125.85,20.54
125.9,21.03
125.95,20.54
126,20.54
126.05,21.03
126.1,21.03
126.15,20.54
126.2,20.54
126.251,21.03
126.3,20.54
126.35,20.54
126.4,20.54
126.45,20.54
126.5,20.54
126.55,21.03
126.6,20.54
126.65,20.54
126.7,20.54
126.75,20.54
126.8,20.54
126.85,21.03
126.9,20.54
126.95,20.54
127,20.54
127.05,20.54
127.1,20.54
127.15,21.03
127.2,20.54
127.25,20.54
127.3,21.03
127.35,20.54
127.4,20.54
127.45,21.03
127.5,20.54
127.55,20.54
127.6,21.03
127.65,20.54
127.7,20.54
127.75,21.03
127.8,20.54
127.85,20.54
127.9,21.03
127.95,20.54
128,21.03
128.05,20.54
128.1,20.54
128.15,21.03
128.2,20.54
128.25,20.54
128.3,21.03
128.35,20.54
128.4,20.54
128.45,20.54
128.5,20.54
128.55,20.54
128.6,21.03
128.65,20.54
128.7,21.03
128.75,21.03
128.8,20.54
128.85,21.03
128.9,20.54
128.95,20.54
129,21.03
129.05,20.54
129.1,20.54
129.15,21.52
129.2,20.54
129.25,20.54
129.3,21.03
129.35,20.54
129.4,20.54
129.451,21.52
129.5,20.54
129.55,20.54
129.6,21.03
129.65,20.54
129.7,20.54
129.75,21.52
129.8,21.03
129.85,20.54
129.9,21.03
129.95,21.03
130,20.54
130.05,20.54
130.1,21.03
130.15,20.54
130.2,20.54
130.25,20.54
130.3,20.54
130.35,20.54
130.4,20.54
130.45,20.54
130.5,20.54
130.55,21.03
130.6,20.54
130.65,20.54
130.7,20.54
130.75,20.54
130.8,20.54
130.85,21.03
130.9,20.54
130.95,20.54
131,21.03
131.05,20.54
131.1,20.54
131.15,21.52
131.2,20.54
131.25,20.54
131.3,21.52
131.35,20.54
131.4,20.54
131.45,21.52
131.5,20.54
131.55,20.54
131.6,20.54
131.65,21.03
131.7,20.54
131.75,21.03
131.8,21.03
131.85,20.54
131.9,20.54
131.95,20.54
132,20.54
132.05,20.54
132.1,20.54
132.15,20.54
132.2,20.54
132.25,20.54
132.3,20.54
132.35,20.54
132.4,20.54
132.45,20.54
132.5,20.54
132.55,21.03
132.6,20.54
132.651,20.54
132.7,20.54
132.75,20.54
132.8,20.54
132.85,21.03
132.9,20.54
132.95,20.54
133,21.03
133.05,20.54
133.1,20.54
133.15,21.52
133.2,20.54
133.25,21.03
133.3,20.54
133.35,20.54
133.4,20.54
133.45,21.52
133.5,20.54
133.55,21.03
133.6,21.03
133.65,21.03
133.7,20.54
133.75,21.03
133.8,20.54
133.85,21.03
133.9,20.54
133.95,21.03
134,20.54
134.05,20.54
134.1,21.03
134.15,20.54
134.2,20.54
134.25,20.54
134.3,21.03
134.35,20.54
134.4,20.54
134.45,20.54
134.5,20.54
134.55,21.03
134.6,20.54
134.65,20.54
134.7,20.54
134.75,20.54
134.8,20.54
134.85,21.03
134.9,20.54
134.95,20.54
135,20.54
135.05,20.54
135.1,20.54
135.15,21.52
135.2,20.54
135.25,20.54
135.3,20.54
135.35,20.54
135.4,20.54
135.45,21.03
135.5,20.54
135.55,20.54
135.6,21.03
135.65,21.03
135.7,20.54
135.75,21.03
135.8,20.54
135.851,20.54
135.9,20.54
135.95,20.54
136,21.03
136.05,20.54
136.1,21.03
136.15,21.03
136.2,20.54
136.25,20.54
136.3,20.54
136.35,20.54
136.4,21.03
136.45,21.03
136.5,20.54
136.55,21.03
136.6,20.54
136.65,20.54
136.7,21.03
136.75,20.54
136.8,20.54
136.85,21.03
136.9,20.54
136.95,20.54
137,21.03
137.05,20.54
137.1,20.54
137.15,21.52
137.2,20.54
137.25,20.54
137.3,21.03
137.35,20.54
137.4,20.54
137.45,21.03
137.5,21.03
137.55,20.54
137.6,21.03
137.65,21.03
137.7,20.54
137.75,21.03
137.8,21.52
137.85,20.54
137.9,20.54
137.95,21.03
138,20.54
138.05,20.54
138.1,20.54
138.15,20.54
138.2,20.54
138.25,20.54
138.3,20.54
138.35,20.54
138.4,21.03
138.45,20.54
138.5,20.54
138.55,21.03
138.6,20.54
138.65,20.54
138.7,21.03
138.75,20.54
138.8,21.03
138.85,21.03
138.9,20.54
138.95,20.54
139,-61.08
139.051,-61.57
139.1,-61.57
139.15,-61.57
139.2,20.54
139.25,20.54
139.3,21.03
139.35,21.03
139.4,20.54
139.45,20.54
139.5,21.03
139.55,20.54
139.6,20.54
139.65,20.54
139.7,21.03
139.75,20.54
139.8,21.03
139.85,20.54
139.9,20.54
139.95,21.03
140,20.54
140.05,20.54
140.1,20.54
140.15,21.03
140.2,20.54
140.25,21.03
140.3,20.54
140.35,20.54
140.4,21.03
140.45,20.54
140.5,20.54
140.55,21.52
140.6,20.54
140.65,20.54
140.7,21.03
140.75,20.54
140.8,20.54
140.85,21.52
140.9,20.54
140.95,20.54
141,21.03
141.05,20.54
141.1,21.03
141.15,21.03
141.2,21.03
141.25,20.54
141.3,21.03
141.35,21.03
141.4,20.54
141.45,21.03
141.5,21.03
141.55,20.54
141.6,20.54
141.65,20.54
141.7,20.54
141.75,21.03
141.8,20.54
141.85,20.54
141.9,20.54
141.95,20.54
142,20.54
142.05,20.54
142.1,20.54
142.15,20.54
142.2,20.54
142.251,20.54
142.3,20.54
142.35,20.54
142.4,21.03
142.45,20.54
142.5,21.03
142.55,21.03
142.6,20.54
142.65,21.03
142.7,21.03
142.75,21.03
142.8,21.03
142.85,21.52
142.9,21.03
142.95,21.03
143,21.52
143.05,21.03
143.1,20.54
143.15,21.52
143.2,21.03
143.25,21.03
143.3,21.03
143.35,21.03
143.4,21.03
143.45,21.03
143.5,21.03
143.55,21.03
143.6,21.03
143.65,21.03
143.7,20.54
143.75,20.54
143.8,21.03
143.85,20.54
143.9,20.54
143.95,21.03
144,21.03
144.05,21.03
144.1,21.03
144.15,20.54
144.2,20.54
144.25,21.03
144.3,21.03
144.35,21.03
144.4,21.52
144.45,20.54
144.5,20.54
144.55,21.52
144.6,20.54
144.65,21.03
144.7,21.03
144.75,20.54
144.8,20.54
144.85,21.03
144.9,20.54
144.95,21.03
